"","","Channel","Watch time (mins)","Stream time (mins)","Peak viewers","Average viewers","Followers","Followers gained","Status","Mature","Language","URL"
"1","https://static-cdn.jtvnw.net/jtv_user_pictures/bf6a04cf-3f44-4986-8eed-5c36bfad542b-profile_image-150x150.png?imenable=1&impolicy=user-profile-picture&imwidth=100","KaiCenat","6404750385","55455","879383","115494","19852125","2844823","Partner","false","English","https://www.twitch.tv/kaicenat"
"2","https://static-cdn.jtvnw.net/jtv_user_pictures/483a37ac-58fd-4e2f-8dc3-2c68a0164112-profile_image-150x150.png?imenable=1&impolicy=user-profile-picture&imwidth=100","Caedrel","5927297010","133455","422291","44414","1544125","317155","Partner","false","English","https://www.twitch.tv/caedrel"
"3","https://static-cdn.jtvnw.net/jtv_user_pictures/a9ce83ba-c0bd-49cc-83bd-9d17647a211a-profile_image-150x150.png?imenable=1&impolicy=user-profile-picture&imwidth=100","zackrawrr","4998400965","117750","208048","42449","2352748","292072","Partner","false","English","https://www.twitch.tv/zackrawrr"
"4","https://static-cdn.jtvnw.net/jtv_user_pictures/645d98a0-a2eb-48a3-b687-cfbc55243e4a-profile_image-150x150.png?imenable=1&impolicy=user-profile-picture&imwidth=100","Jynxzi","4747804260","148800","379959","31907","9556983","2365814","Partner","false","English","https://www.twitch.tv/jynxzi"
"5","https://static-cdn.jtvnw.net/jtv_user_pictures/0347a9aa-e396-49a5-b0f1-31261704bab8-profile_image-150x150.jpeg?imenable=1&impolicy=user-profile-picture&imwidth=100","HasanAbi","4740966060","149160","357084","31784","3055299","226188","Partner","false","English","https://www.twitch.tv/hasanabi"
"6","https://static-cdn.jtvnw.net/jtv_user_pictures/a4977cfd-1962-41ec-9355-ab2611b97552-profile_image-150x150.png?imenable=1&impolicy=user-profile-picture&imwidth=100","kato_junichi0817","4718059275","163755","141624","28811","1164349","99010","Partner","false","Japanese","https://www.twitch.tv/kato_junichi0817"
"7","https://static-cdn.jtvnw.net/jtv_user_pictures/574228be-01ef-4eab-bc0e-a4f6b68bedba-profile_image-150x150.png?imenable=1&impolicy=user-profile-picture&imwidth=100","ibai","4172797215","32145","9189762","129811","19848491","2558699","Partner","false","Spanish","https://www.twitch.tv/ibai"
"8","https://static-cdn.jtvnw.net/jtv_user_pictures/4fb94c7a-b4c0-4ed1-9782-b630a59915d5-profile_image-150x150.png?imenable=1&impolicy=user-profile-picture&imwidth=100","eliasn97","3902327580","121680","147857","32070","2317715","211956","Partner","false","German","https://www.twitch.tv/eliasn97"
"9","https://static-cdn.jtvnw.net/jtv_user_pictures/058ee082-68f4-417b-8f8b-8c3ad42468ac-profile_image-150x150.png?imenable=1&impolicy=user-profile-picture&imwidth=100","TheBurntPeanut","3791260125","153615","255815","24680","2206602","2047155","Partner","false","English","https://www.twitch.tv/theburntpeanut"
"10","https://static-cdn.jtvnw.net/jtv_user_pictures/ef28ba12-c8ed-46d4-838b-a4c95ef5b469-profile_image-150x150.png?imenable=1&impolicy=user-profile-picture&imwidth=100","caseoh_","3581058825","71460","298512","50112","8395001","1445472","Partner","false","English","https://www.twitch.tv/caseoh_"
"11","https://static-cdn.jtvnw.net/jtv_user_pictures/d8a3e3e9-f70a-4634-bd59-b4a1cab834de-profile_image-150x150.png?imenable=1&impolicy=user-profile-picture&imwidth=100","fps_shaka","3341312385","195180","75539","17119","1649070","93255","Partner","false","Japanese","https://www.twitch.tv/fps_shaka"
"12","https://static-cdn.jtvnw.net/jtv_user_pictures/xqc-profile_image-9298dca608632101-150x150.jpeg?imenable=1&impolicy=user-profile-picture&imwidth=100","xQc","3005705115","141135","335809","21296","12360906","316533","Partner","false","English","https://www.twitch.tv/xqc"
"13","https://static-cdn.jtvnw.net/jtv_user_pictures/48487d3b-e713-4a49-ad35-dec6ab7d690e-profile_image-150x150.png?imenable=1&impolicy=user-profile-picture&imwidth=100","Lacy","2751681120","159705","143964","17229","2432261","1160758","Partner","false","English","https://www.twitch.tv/lacy"
"14","https://static-cdn.jtvnw.net/jtv_user_pictures/04abc1b4-7bad-4b55-8da8-c0f1cf031bda-profile_image-150x150.png?imenable=1&impolicy=user-profile-picture&imwidth=100","Papaplatte","2738449635","107880","118231","25384","3110533","281778","Partner","false","German","https://www.twitch.tv/papaplatte"
"15","https://static-cdn.jtvnw.net/jtv_user_pictures/020d2ed3-c2f2-4d33-805f-92cf966a9c43-profile_image-150x150.png?imenable=1&impolicy=user-profile-picture&imwidth=100","stableronaldo","2702019180","130665","149922","20678","4538979","766251","Partner","false","English","https://www.twitch.tv/stableronaldo"
"16","https://static-cdn.jtvnw.net/jtv_user_pictures/a04be2b0-9cc1-403c-a4b0-47b32d1fe640-profile_image-150x150.png?imenable=1&impolicy=user-profile-picture&imwidth=100","jasontheween","2636133945","129255","118191","20394","2153559","985038","Partner","false","English","https://www.twitch.tv/jasontheween"
"17","https://static-cdn.jtvnw.net/jtv_user_pictures/5742b015-e6ed-4f7c-a1dd-87cd88fe1eb9-profile_image-150x150.png?imenable=1&impolicy=user-profile-picture&imwidth=100","ohnePixel","2518981905","67155","298362","37509","2548852","819010","Partner","false","English","https://www.twitch.tv/ohnepixel"
"18","https://static-cdn.jtvnw.net/jtv_user_pictures/99aa4739-21d6-40af-86ae-4b4d3457fce4-profile_image-150x150.png?imenable=1&impolicy=user-profile-picture&imwidth=100","summit1g","2414081940","262020","29935","9213","6391192","71991","Partner","false","English","https://www.twitch.tv/summit1g"
"19","https://static-cdn.jtvnw.net/jtv_user_pictures/dbca03f2-578c-454f-8fa8-a76b089164e4-profile_image-150x150.png?imenable=1&impolicy=user-profile-picture&imwidth=100","Kamet0","2076219510","124440","181377","16684","2112819","84188","Partner","false","French","https://www.twitch.tv/kamet0"
"20","https://static-cdn.jtvnw.net/jtv_user_pictures/c1372b44-c4c9-451d-867e-377b0d227756-profile_image-150x150.png?imenable=1&impolicy=user-profile-picture&imwidth=100","sasavot","2062047300","102300","86931","20156","1775667","761846","Partner","false","Russian","https://www.twitch.tv/sasavot"
"21","https://static-cdn.jtvnw.net/jtv_user_pictures/4af340ba-8d13-44e8-9e72-14c4c86d1f20-profile_image-150x150.png?imenable=1&impolicy=user-profile-picture&imwidth=100","evelone2004","2007812250","33885","423126","59253","2414896","873813","Partner","false","Russian","https://www.twitch.tv/evelone2004"
"22","https://static-cdn.jtvnw.net/jtv_user_pictures/8dcaf96d-68ee-4fc6-bfdc-fdfc564e134a-profile_image-150x150.png?imenable=1&impolicy=user-profile-picture&imwidth=100","LVNDMARK","1933381650","177495","114077","10892","1472618","147043","Partner","false","English","https://www.twitch.tv/lvndmark"
"23","https://static-cdn.jtvnw.net/jtv_user_pictures/c754eebf-745b-4e0a-814a-10bcaecaabbc-profile_image-150x150.png?imenable=1&impolicy=user-profile-picture&imwidth=100","shroud","1926041670","154215","96765","12489","11310224","192391","Partner","false","English","https://www.twitch.tv/shroud"
"24","https://static-cdn.jtvnw.net/jtv_user_pictures/a58575dc-6414-45f7-a2da-a1ea2bed2e1f-profile_image-150x150.png?imenable=1&impolicy=user-profile-picture&imwidth=100","otplol_","1911098655","511575","126084","3735","797180","13746","Partner","false","French","https://www.twitch.tv/otplol_"
"25","https://static-cdn.jtvnw.net/jtv_user_pictures/8a9c0603-7ff0-4189-bdc1-3072029a613d-profile_image-150x150.png?imenable=1&impolicy=user-profile-picture&imwidth=100","StRoGo","1880058495","101910","146754","18448","1926594","550890","Partner","false","Russian","https://www.twitch.tv/strogo"
"26","https://static-cdn.jtvnw.net/jtv_user_pictures/436a50ca-f8e9-4cc0-aae8-def977448ac7-profile_image-150x150.png?imenable=1&impolicy=user-profile-picture&imwidth=100","zarbex","1787741535","122970","58722","14538","1273306","383551","Partner","false","German","https://www.twitch.tv/zarbex"
"27","https://static-cdn.jtvnw.net/jtv_user_pictures/9e619d88755f56a8-profile_image-150x150.png?imenable=1&impolicy=user-profile-picture&imwidth=100","NoWay4u_Sir","1787608815","166530","34653","10734","777453","42968","Partner","false","German","https://www.twitch.tv/noway4u_sir"
"28","https://static-cdn.jtvnw.net/jtv_user_pictures/a2592e98-5ba6-4c9a-9d9e-cf036d6f64c2-profile_image-150x150.jpg?imenable=1&impolicy=user-profile-picture&imwidth=100","Rubius","1727265840","75720","206194","22811","16355810","668215","Partner","false","Spanish","https://www.twitch.tv/rubius"
"29","https://static-cdn.jtvnw.net/jtv_user_pictures/d5a4b94c-5f59-4136-9e00-3311b06fdc63-profile_image-150x150.png?imenable=1&impolicy=user-profile-picture&imwidth=100","BLASTPremier","1713264975","132810","274849","12900","2339131","249568","Partner","false","English","https://www.twitch.tv/blastpremier"
"30","https://static-cdn.jtvnw.net/jtv_user_pictures/22a56845-20d0-4e14-932e-0ec099b088eb-profile_image-150x150.png?imenable=1&impolicy=user-profile-picture&imwidth=100","Trymacs","1673068995","149145","155337","11217","3899228","149894","Partner","false","German","https://www.twitch.tv/trymacs"
"31","https://static-cdn.jtvnw.net/jtv_user_pictures/76689ba7-8a3a-4369-bb9b-6ec7c54e4648-profile_image-150x150.png?imenable=1&impolicy=user-profile-picture&imwidth=100","Tumblurr","1618461030","60525","192400","26740","1995300","118170","Partner","false","Italian","https://www.twitch.tv/tumblurr"
"32","https://static-cdn.jtvnw.net/jtv_user_pictures/ea0fe422-84bd-4aee-9d10-fd4b0b3a7054-profile_image-150x150.png?imenable=1&impolicy=user-profile-picture&imwidth=100","Gaules","1603014000","522285","97006","3069","4327988","56004","Partner","true","Portuguese","https://www.twitch.tv/gaules"
"33","https://static-cdn.jtvnw.net/jtv_user_pictures/70c63d12-ecae-485c-9bca-3d3f3ad5782a-profile_image-150x150.png?imenable=1&impolicy=user-profile-picture&imwidth=100","yourragegaming","1576359900","108495","264495","14529","2093181","448165","Partner","false","English","https://www.twitch.tv/yourragegaming"
"34","https://static-cdn.jtvnw.net/jtv_user_pictures/09f74aa6-9df9-4d37-a686-7ee5ed29bca8-profile_image-150x150.png?imenable=1&impolicy=user-profile-picture&imwidth=100","ramzes","1575248850","77775","88423","20253","637758","141228","Partner","false","Russian","https://www.twitch.tv/ramzes"
"35","https://static-cdn.jtvnw.net/jtv_user_pictures/c1ecbcd5-b8b6-4e0c-9d5f-e01d610aa97d-profile_image-150x150.png?imenable=1&impolicy=user-profile-picture&imwidth=100","ESLCS","1573123605","477630","198900","3293","6670471","196194","Partner","false","English","https://www.twitch.tv/eslcs"
"36","https://static-cdn.jtvnw.net/jtv_user_pictures/17ef7a09-3473-4ff8-85ca-e6648d392116-profile_image-150x150.png?imenable=1&impolicy=user-profile-picture&imwidth=100","Anyme023","1568451720","55725","150376","28146","2411697","1890021","Partner","false","French","https://www.twitch.tv/anyme023"
"37","https://static-cdn.jtvnw.net/jtv_user_pictures/38e925fc-0b07-4e1e-82e2-6639e01344f3-profile_image-150x150.png?imenable=1&impolicy=user-profile-picture&imwidth=100","LIRIK","1560212970","120690","34248","12927","2996240","13821","Partner","false","English","https://www.twitch.tv/lirik"
"38","https://static-cdn.jtvnw.net/jtv_user_pictures/01d55c0b-9cfc-4a3d-a622-1bc2b3300f5e-profile_image-150x150.png?imenable=1&impolicy=user-profile-picture&imwidth=100","DDG","1542679440","110565","205741","13952","2170801","1283669","Partner","false","English","https://www.twitch.tv/ddg"
"39","https://static-cdn.jtvnw.net/jtv_user_pictures/c9f74581-c0e8-4638-8629-51dbfe401335-profile_image-150x150.png?imenable=1&impolicy=user-profile-picture&imwidth=100","Emiru","1510833180","80910","60629","18673","2076641","323961","Partner","false","English","https://www.twitch.tv/emiru"
"40","https://static-cdn.jtvnw.net/jtv_user_pictures/aa2bc80a-e317-494a-a94d-7492889e4f66-profile_image-150x150.png?imenable=1&impolicy=user-profile-picture&imwidth=100","JLTomy","1503849405","134475","48634","11183","1392049","63847","Partner","false","French","https://www.twitch.tv/jltomy"
"41","https://static-cdn.jtvnw.net/jtv_user_pictures/794e906d-64d7-41ab-bb89-8fb159e4124b-profile_image-150x150.png?imenable=1&impolicy=user-profile-picture&imwidth=100","k4sen","1469322570","106875","128089","13748","1010551","83188","Partner","false","Japanese","https://www.twitch.tv/k4sen"
"42","https://static-cdn.jtvnw.net/jtv_user_pictures/55a5e785-9c08-47f5-bcff-895224deb51f-profile_image-150x150.png?imenable=1&impolicy=user-profile-picture&imwidth=100","shadowkekw","1415922015","37605","419963","37652","1281887","467746","Partner","false","Russian","https://www.twitch.tv/shadowkekw"
"43","https://static-cdn.jtvnw.net/jtv_user_pictures/d76bc428-c322-479c-962b-b8a4e1e88ef8-profile_image-150x150.png?imenable=1&impolicy=user-profile-picture&imwidth=100","HandOfBlood","1397031870","106170","70216","13158","1620358","278807","Partner","false","German","https://www.twitch.tv/handofblood"
"44","https://static-cdn.jtvnw.net/jtv_user_pictures/57dafab4-67fd-4a8f-9f04-81b1412925ae-profile_image-150x150.png?imenable=1&impolicy=user-profile-picture&imwidth=100","anarabdullaev","1396496310","61140","104080","22840","1256904","1080396","Community","false","Russian","https://www.twitch.tv/anarabdullaev"
"45","https://static-cdn.jtvnw.net/jtv_user_pictures/edc81242-45ce-40f3-8ab6-a09edaca2b2d-profile_image-150x150.png?imenable=1&impolicy=user-profile-picture&imwidth=100","plaqueboymax","1363985985","55425","196138","24609","2391268","542628","Partner","false","English","https://www.twitch.tv/plaqueboymax"
"46","https://static-cdn.jtvnw.net/jtv_user_pictures/8e9ae092-d343-4f47-a65a-26ce3d2da6ab-profile_image-150x150.png?imenable=1&impolicy=user-profile-picture&imwidth=100","Recrent","1351089765","172035","49343","7853","1931915","272765","Partner","false","Russian","https://www.twitch.tv/recrent"
"47","https://static-cdn.jtvnw.net/jtv_user_pictures/ea4b608a-2f21-432a-afca-03da7920a8a6-profile_image-150x150.png?imenable=1&impolicy=user-profile-picture&imwidth=100","byilhann","1337446230","62625","218410","21356","1580296","610413","Partner","false","French","https://www.twitch.tv/byilhann"
"48","https://static-cdn.jtvnw.net/jtv_user_pictures/3973e918fe7cc8c8-profile_image-150x150.png?imenable=1&impolicy=user-profile-picture&imwidth=100","MOONMOON","1316706810","119310","22260","11036","1183133","1235","Partner","true","English","https://www.twitch.tv/moonmoon"
"49","https://static-cdn.jtvnw.net/jtv_user_pictures/2f5addde-fd0d-4a10-82a9-ea91ebb17f8d-profile_image-150x150.png?imenable=1&impolicy=user-profile-picture&imwidth=100","Quin69","1313308170","165405","36442","7939","948666","26065","Partner","false","English","https://www.twitch.tv/quin69"
"50","https://static-cdn.jtvnw.net/jtv_user_pictures/5b73f4b998324548-profile_image-150x150.jpeg?imenable=1&impolicy=user-profile-picture&imwidth=100","knekro","1308574935","143670","145054","9108","1285313","59789","Partner","false","Spanish","https://www.twitch.tv/knekro"
"51","https://static-cdn.jtvnw.net/jtv_user_pictures/593b5641-c626-4ba4-ba49-11cb33f6c3e8-profile_image-150x150.png?imenable=1&impolicy=user-profile-picture&imwidth=100","IlloJuan","1277277690","45345","84789","28167","4564095","245936","Partner","false","Spanish","https://www.twitch.tv/illojuan"
"52","https://static-cdn.jtvnw.net/jtv_user_pictures/3f038015-59f4-44f3-8a82-7437d3afd068-profile_image-150x150.png?imenable=1&impolicy=user-profile-picture&imwidth=100","loud_coringa","1274759985","73470","139906","17350","7092154","602369","Partner","false","Portuguese","https://www.twitch.tv/loud_coringa"
"53","https://static-cdn.jtvnw.net/jtv_user_pictures/f04d2a14-8d63-4cd5-a469-7ec2cd6e5ce3-profile_image-150x150.png?imenable=1&impolicy=user-profile-picture&imwidth=100","tarik","1260357645","97950","95278","12867","3312732","51887","Partner","false","English","https://www.twitch.tv/tarik"
"54","https://static-cdn.jtvnw.net/jtv_user_pictures/64d44235-1dee-4bca-95da-bee1ee96eea3-profile_image-150x150.png?imenable=1&impolicy=user-profile-picture&imwidth=100","alanzoka","1241099490","101865","69851","12183","7995384","369174","Partner","false","Portuguese","https://www.twitch.tv/alanzoka"
"55","https://static-cdn.jtvnw.net/jtv_user_pictures/a83b628d80bcbe4f-profile_image-150x150.png?imenable=1&impolicy=user-profile-picture&imwidth=100","Agent00","1229109705","92775","99323","13248","3271199","847800","Partner","false","English","https://www.twitch.tv/agent00"
"56","https://static-cdn.jtvnw.net/jtv_user_pictures/bd9a77a0-79bc-439a-a8fd-66cefabb3796-profile_image-150x150.png?imenable=1&impolicy=user-profile-picture&imwidth=100","dota2_paragon_ru","1218850425","95685","77453","12738","531526","79232","Partner","false","Russian","https://www.twitch.tv/dota2_paragon_ru"
"57","https://static-cdn.jtvnw.net/jtv_user_pictures/e85bf53e-8e0a-4a35-824d-d2958293c3a6-profile_image-150x150.png?imenable=1&impolicy=user-profile-picture&imwidth=100","Elajjaz","1199816175","156735","20097","7655","531370","14462","Partner","false","English","https://www.twitch.tv/elajjaz"
"58","https://static-cdn.jtvnw.net/jtv_user_pictures/6f36c08a-6f7d-40f1-a9e8-12eee2ff0f93-profile_image-150x150.png?imenable=1&impolicy=user-profile-picture&imwidth=100","MontanaBlack88","1193570655","54630","319453","21848","5757718","194107","Partner","true","German","https://www.twitch.tv/montanablack88"
"59","https://static-cdn.jtvnw.net/jtv_user_pictures/5051503d-254c-4a94-abf5-c9de97b5c9a0-profile_image-150x150.png?imenable=1&impolicy=user-profile-picture&imwidth=100","Nix","1192679280","43380","396265","27493","1092041","148562","Partner","true","Russian","https://www.twitch.tv/nix"
"60","https://static-cdn.jtvnw.net/jtv_user_pictures/53e6d242-7fc2-494e-9cc9-417fe7453a9e-profile_image-150x150.png?imenable=1&impolicy=user-profile-picture&imwidth=100","TheBurntPeanut_247","1153689690","491055","26350","2349","462730","462706","Community","false","English","https://www.twitch.tv/theburntpeanut_247"
"61","https://static-cdn.jtvnw.net/jtv_user_pictures/1939615e-a34d-4fab-a035-8c3d8ffae278-profile_image-150x150.png?imenable=1&impolicy=user-profile-picture&imwidth=100","Squeezie","1136746920","20850","1366992","54520","5842097","526521","Partner","false","French","https://www.twitch.tv/squeezie"
"62","https://static-cdn.jtvnw.net/jtv_user_pictures/865826b7-35e7-47be-9bb8-aff3be1fa08f-profile_image-150x150.png?imenable=1&impolicy=user-profile-picture&imwidth=100","BastiGHG","1128401445","114420","74713","9861","2398056","263939","Partner","false","German","https://www.twitch.tv/bastighg"
"63","https://static-cdn.jtvnw.net/jtv_user_pictures/gronkh-profile_image-76b34139eaa46bb5-150x150.png?imenable=1&impolicy=user-profile-picture&imwidth=100","GRONKH","1097948940","59685","84390","18395","1791425","47695","Partner","true","German","https://www.twitch.tv/gronkh"
"64","https://static-cdn.jtvnw.net/jtv_user_pictures/b3fc1f16-0818-4121-8711-c31b9469bc21-profile_image-150x150.png?imenable=1&impolicy=user-profile-picture&imwidth=100","GamesDoneQuick","1093364505","290100","67307","3768","2071642","15671","Partner","false","English","https://www.twitch.tv/gamesdonequick"
"65","https://static-cdn.jtvnw.net/jtv_user_pictures/c2aca19b-b318-4398-99a5-fb6a597536fd-profile_image-150x150.png?imenable=1&impolicy=user-profile-picture&imwidth=100","ironmouse","1084196340","140010","39392","7743","2427611","139654","Partner","true","English","https://www.twitch.tv/ironmouse"
"66","https://static-cdn.jtvnw.net/jtv_user_pictures/606420a1-58b8-4965-826e-d376b83ac0f8-profile_image-150x150.png?imenable=1&impolicy=user-profile-picture&imwidth=100","batora324","1064322420","130080","43032","8182","190137","49112","Partner","false","Japanese","https://www.twitch.tv/batora324"
"67","https://static-cdn.jtvnw.net/jtv_user_pictures/cd95ee8e-a97b-4eba-8cb3-8245b77a24bb-profile_image-150x150.png?imenable=1&impolicy=user-profile-picture&imwidth=100","bratishkinoff","1046238255","89355","94580","11708","3682105","263421","Partner","true","Russian","https://www.twitch.tv/bratishkinoff"
"68","https://static-cdn.jtvnw.net/jtv_user_pictures/148c3b8a-a78b-4139-a429-7d3d90ce8a27-profile_image-150x150.png?imenable=1&impolicy=user-profile-picture&imwidth=100","CohhCarnage","1038652155","148125","22405","7011","1710694","76116","Partner","false","English","https://www.twitch.tv/cohhcarnage"
"69","https://static-cdn.jtvnw.net/jtv_user_pictures/cd38df56-e572-4a60-9b02-76db09d0acdd-profile_image-150x150.png?imenable=1&impolicy=user-profile-picture&imwidth=100","yaritaiji","1035254130","124410","55460","8321","228499","82386","Community","false","Japanese","https://www.twitch.tv/yaritaiji"
"70","https://static-cdn.jtvnw.net/jtv_user_pictures/d96bbd7a-26e5-4c5e-b6a5-149d708a973b-profile_image-150x150.png?imenable=1&impolicy=user-profile-picture&imwidth=100","PaulinhoLOKObr","1016553330","35835","107470","28367","3677064","296362","Partner","false","Portuguese","https://www.twitch.tv/paulinholokobr"
"71","https://static-cdn.jtvnw.net/jtv_user_pictures/3799fbb2-e701-4ae9-9a48-48214d31579b-profile_image-150x150.png?imenable=1&impolicy=user-profile-picture&imwidth=100","Adapt","1010170470","104145","215649","9699","1444354","676774","Partner","false","English","https://www.twitch.tv/adapt"
"72","https://static-cdn.jtvnw.net/jtv_user_pictures/b9df0ae8-3f6a-4515-9956-8020e7542f9c-profile_image-150x150.png?imenable=1&impolicy=user-profile-picture&imwidth=100","bySL4M","1007455245","65625","96150","15351","521058","108010","Partner","false","Russian","https://www.twitch.tv/bysl4m"
"73","https://static-cdn.jtvnw.net/jtv_user_pictures/69e324f6-fc7d-4131-89ed-227a955637cf-profile_image-150x150.png?imenable=1&impolicy=user-profile-picture&imwidth=100","Gotaga","1006959690","92985","153754","10829","4624470","139457","Partner","false","French","https://www.twitch.tv/gotaga"
"74","https://static-cdn.jtvnw.net/jtv_user_pictures/b532ac95-4050-42cb-9d5d-9666a243654c-profile_image-150x150.png?imenable=1&impolicy=user-profile-picture&imwidth=100","ow_esports","988576125","45450","93048","21750","2338802","264967","Partner","false","English","https://www.twitch.tv/ow_esports"
"75","https://static-cdn.jtvnw.net/jtv_user_pictures/a4bec7db-47b2-44f7-bb79-6de32e7bbca4-profile_image-150x150.png?imenable=1&impolicy=user-profile-picture&imwidth=100","Bonjwa","985534950","198315","24707","4969","265559","16451","Partner","false","German","https://www.twitch.tv/bonjwa"
"76","https://static-cdn.jtvnw.net/jtv_user_pictures/4d2f4f20-4dba-4866-8a41-542378cb7089-profile_image-150x150.png?imenable=1&impolicy=user-profile-picture&imwidth=100","ExtraEmily","984354735","88935","54022","11068","966205","498971","Partner","false","English","https://www.twitch.tv/extraemily"
"77","https://static-cdn.jtvnw.net/jtv_user_pictures/ba5e4714-b7dd-43f5-9c62-df0c91647482-profile_image-150x150.png?imenable=1&impolicy=user-profile-picture&imwidth=100","Dakillzor","958810620","283245","29439","3385","331078","53570","Partner","true","English","https://www.twitch.tv/dakillzor"
"78","https://static-cdn.jtvnw.net/jtv_user_pictures/5efe32b5-32a1-43dc-805e-c63302f95bee-profile_image-150x150.png?imenable=1&impolicy=user-profile-picture&imwidth=100","angryginge13","947753055","103545","62980","9153","1556375","311147","Partner","false","English","https://www.twitch.tv/angryginge13"
"79","https://static-cdn.jtvnw.net/jtv_user_pictures/338e8041-6289-4ba4-9029-d11f54153443-profile_image-150x150.png?imenable=1&impolicy=user-profile-picture&imwidth=100","Dmitry_Lixxx","947529135","104175","146785","9095","1866540","204391","Partner","false","Russian","https://www.twitch.tv/dmitry_lixxx"
"80","https://static-cdn.jtvnw.net/jtv_user_pictures/5537e5db-a0d9-489e-bc37-eb6609b6a713-profile_image-150x150.png?imenable=1&impolicy=user-profile-picture&imwidth=100","deepins02","934689240","60555","42045","15435","2908985","417468","Partner","false","Russian","https://www.twitch.tv/deepins02"
"81","https://static-cdn.jtvnw.net/jtv_user_pictures/00e7ebf9-89b9-41e1-b2bc-263b0ce805d0-profile_image-150x150.png?imenable=1&impolicy=user-profile-picture&imwidth=100","JonVlogs","931067220","99210","47085","9384","2385687","155366","Partner","false","Portuguese","https://www.twitch.tv/jonvlogs"
"82","https://static-cdn.jtvnw.net/jtv_user_pictures/71f5f92d-c94b-41ba-80f2-480165a94605-profile_image-150x150.png?imenable=1&impolicy=user-profile-picture&imwidth=100","Marlon","928753500","105615","97174","8793","2087988","1789594","Partner","false","English","https://www.twitch.tv/marlon"
"83","https://static-cdn.jtvnw.net/jtv_user_pictures/7cb798db-7002-4b97-914e-a2edd31d238f-profile_image-150x150.png?imenable=1&impolicy=user-profile-picture&imwidth=100","N3on","925177980","42930","286304","21550","578937","375920","Partner","false","English","https://www.twitch.tv/n3on"
"84","https://static-cdn.jtvnw.net/jtv_user_pictures/04c65db8-ef62-4fb5-8cff-09f0521de151-profile_image-150x150.png?imenable=1&impolicy=user-profile-picture&imwidth=100","Thebausffs","910657335","79620","33849","11437","1601946","123094","Partner","false","English","https://www.twitch.tv/thebausffs"
"85","https://static-cdn.jtvnw.net/jtv_user_pictures/46a38d3a-a39c-4c43-ac12-c331b1c469c2-profile_image-150x150.png?imenable=1&impolicy=user-profile-picture&imwidth=100","IShowSpeed","904988895","64800","70115","13965","3659118","3166109","Partner","false","English","https://www.twitch.tv/ishowspeed"
"86","https://static-cdn.jtvnw.net/jtv_user_pictures/929b9591-07c5-4adb-adf0-5f0897332391-profile_image-150x150.png?imenable=1&impolicy=user-profile-picture&imwidth=100","Rainbow6","900008835","109320","89234","8232","3199356","166742","Partner","true","English","https://www.twitch.tv/rainbow6"
"87","https://static-cdn.jtvnw.net/jtv_user_pictures/6d3b4513-6824-4912-848c-dc046ee262ad-profile_image-150x150.png?imenable=1&impolicy=user-profile-picture&imwidth=100","Mixwell","898169175","119010","43299","7547","1269631","53508","Partner","false","Spanish","https://www.twitch.tv/mixwell"
"88","https://static-cdn.jtvnw.net/jtv_user_pictures/forsen-profile_image-48b43e1e4f54b5c8-150x150.png?imenable=1&impolicy=user-profile-picture&imwidth=100","forsen","892739880","119460","78245","7473","1784371","19368","Partner","true","English","https://www.twitch.tv/forsen"
"89","https://static-cdn.jtvnw.net/jtv_user_pictures/46df8e2c-2304-440c-994a-1f131f29c469-profile_image-150x150.png?imenable=1&impolicy=user-profile-picture&imwidth=100","sasatikk","889657455","128010","32488","6949","428372","33918","Partner","false","Japanese","https://www.twitch.tv/sasatikk"
"90","https://static-cdn.jtvnw.net/jtv_user_pictures/6d33e15c-f918-468f-9a29-f56399786532-profile_image-150x150.png?imenable=1&impolicy=user-profile-picture&imwidth=100","Pestily","888760350","121125","110199","7337","1481950","82597","Partner","false","English","https://www.twitch.tv/pestily"
"91","https://static-cdn.jtvnw.net/jtv_user_pictures/96d66837-22f0-4393-89c5-2e5c2408485b-profile_image-150x150.png?imenable=1&impolicy=user-profile-picture&imwidth=100","buster","885812700","28125","751946","31495","4865725","427901","Partner","false","Russian","https://www.twitch.tv/buster"
"92","https://static-cdn.jtvnw.net/jtv_user_pictures/599b546a-c27f-4684-93ff-5eeecd01fb2b-profile_image-150x150.png?imenable=1&impolicy=user-profile-picture&imwidth=100","ZeratoR","883448070","82815","171999","10667","1629857","28505","Partner","false","French","https://www.twitch.tv/zerator"
"93","https://static-cdn.jtvnw.net/jtv_user_pictures/43c71a14-c368-4f41-9373-ccdb795f267f-profile_image-150x150.png?imenable=1&impolicy=user-profile-picture&imwidth=100","HutchMF","870700845","171705","27568","5070","645986","222079","Partner","true","English","https://www.twitch.tv/hutchmf"
"94","https://static-cdn.jtvnw.net/jtv_user_pictures/42b9ddab-e29a-4efb-9ac9-288b5093e031-profile_image-150x150.png?imenable=1&impolicy=user-profile-picture&imwidth=100","just_ns","862355295","127005","49328","6789","789564","16325","Partner","true","Russian","https://www.twitch.tv/just_ns"
"95","https://static-cdn.jtvnw.net/jtv_user_pictures/ac368118-71cb-4340-be81-afa99abafdba-profile_image-150x150.png?imenable=1&impolicy=user-profile-picture&imwidth=100","QuickyBaby","849675045","131250","30778","6473","685765","40775","Partner","false","English","https://www.twitch.tv/quickybaby"
"96","https://static-cdn.jtvnw.net/jtv_user_pictures/610e1167-591c-445d-8ad4-f65e07695575-profile_image-150x150.jpeg?imenable=1&impolicy=user-profile-picture&imwidth=100","TraYtoNlol","846983475","187605","22682","4514","249761","22649","Partner","false","French","https://www.twitch.tv/traytonlol"
"97","https://static-cdn.jtvnw.net/jtv_user_pictures/3cdae7df-600c-4833-8dfe-8d2abc5a3b25-profile_image-150x150.png?imenable=1&impolicy=user-profile-picture&imwidth=100","Domingo","846397485","59220","259237","14292","2008038","109079","Partner","false","French","https://www.twitch.tv/domingo"
"98","https://static-cdn.jtvnw.net/jtv_user_pictures/54b3baeb-902e-4c18-9488-6530ada7f8ef-profile_image-150x150.png?imenable=1&impolicy=user-profile-picture&imwidth=100","Tolkin","843071955","174390","75048","4834","390331","36221","Partner","false","German","https://www.twitch.tv/tolkin"
"99","https://static-cdn.jtvnw.net/jtv_user_pictures/gorgc-profile_image-469e05d25a1e8594-150x150.jpeg?imenable=1&impolicy=user-profile-picture&imwidth=100","Gorgc","839812065","137790","23665","6094","772058","16381","Partner","false","English","https://www.twitch.tv/gorgc"
"100","https://static-cdn.jtvnw.net/jtv_user_pictures/7dcd89d5-6700-4b05-b9c9-c7dac61c32db-profile_image-150x150.png?imenable=1&impolicy=user-profile-picture&imwidth=100","TimTheTatman","837016755","94710","206202","8837","7619554","381464","Partner","true","English","https://www.twitch.tv/timthetatman"